<?xml version="1.0" encoding="UTF-8"?>
<Configuration xmlns:xsi="http://www.w3.org/2001/XMLSchema-instance"
  status="WARN" monitorInterval="30">

  <Properties>
    <Property name="LOG_PATTERN">
      %d{yyyy-MM-dd HH:mm:ss.SSS} %5p ${hostName} --- [%15.15t] %-40.40c{1.} : %m%n%ex
    </Property>
    
    <Property name="APP_LOG_ROOT">${spring:logging.file.path}/${spring:spring.application.name}</Property>
  </Properties>
  
  <Appenders>
    <Console name="Console" target="SYSTEM_OUT" follow="true">
      <PatternLayout pattern="${LOG_PATTERN}" />
    </Console>
 
    <RollingFile name="appLog"
      fileName="${APP_LOG_ROOT}/application.log"
      filePattern="${APP_LOG_ROOT}/application-%d{yyyy-MM-dd}-%i.log">
      
      <PatternLayout pattern="${LOG_PATTERN}" />
      <Policies>
        <SizeBasedTriggeringPolicy size="19500KB" />
      </Policies>
      <DefaultRolloverStrategy max="1" />
    </RollingFile>
  </Appenders>
  
  <Loggers>
    <Logger name="com.zyapaar" additivity="false">
      <AppenderRef ref="appLog" />
      <AppenderRef ref="Console" />
    </Logger>
    
    <Root level="info">
      <AppenderRef ref="appLog" />
      <AppenderRef ref="Console" />
    </Root>
  </Loggers>
</Configuration>
