<databaseChangeLog xmlns="http://www.liquibase.org/xml/ns/dbchangelog" xmlns:ext="http://www.liquibase.org/xml/ns/dbchangelog-ext" xmlns:pro="http://www.liquibase.org/xml/ns/pro" xmlns:xsi="http://www.w3.org/2001/XMLSchema-instance" xsi:schemaLocation="http://www.liquibase.org/xml/ns/dbchangelog-ext http://www.liquibase.org/xml/ns/dbchangelog/dbchangelog-ext.xsd http://www.liquibase.org/xml/ns/pro http://www.liquibase.org/xml/ns/pro/liquibase-pro-4.6.xsd http://www.liquibase.org/xml/ns/dbchangelog http://www.liquibase.org/xml/ns/dbchangelog/dbchangelog-4.6.xsd">

	<changeSet author="dharmendrasinh.chudasama (generated)" id="1660292927264-1">
		<createTable tableName="designation_master">
			<column name="id" type="VARCHAR(19)">
				<constraints nullable="false" primaryKey="true" primaryKeyName="designation_master_pkey" />
			</column>
			<column name="designation_name" type="VARCHAR(50)" />
			<column defaultValue="ACTIVE" name="status" remarks="Scope: ['ACTIVE','INACTIVE']" type="VARCHAR(15)">
				<constraints nullable="false" />
			</column>
			<column name="created_by" remarks="userId" type="VARCHAR(19)">
				<constraints nullable="false" />
			</column>
			<column defaultValueComputed="now()" name="created_date" type="TIMESTAMP WITH TIME ZONE">
				<constraints nullable="false" />
			</column>
			<column name="updated_by" remarks="userId" type="VARCHAR(19)" />
			<column name="updated_date" type="TIMESTAMP WITH TIME ZONE" />
		</createTable>
	</changeSet>
    
</databaseChangeLog>
