<databaseChangeLog xmlns="http://www.liquibase.org/xml/ns/dbchangelog" xmlns:ext="http://www.liquibase.org/xml/ns/dbchangelog-ext" xmlns:pro="http://www.liquibase.org/xml/ns/pro" xmlns:xsi="http://www.w3.org/2001/XMLSchema-instance" xsi:schemaLocation="http://www.liquibase.org/xml/ns/dbchangelog-ext http://www.liquibase.org/xml/ns/dbchangelog/dbchangelog-ext.xsd http://www.liquibase.org/xml/ns/pro http://www.liquibase.org/xml/ns/pro/liquibase-pro-4.6.xsd http://www.liquibase.org/xml/ns/dbchangelog http://www.liquibase.org/xml/ns/dbchangelog/dbchangelog-4.6.xsd">

    <changeSet author="dharmendrasinh.chudasama (generated)" id="1660478114729-2">
        <createTable tableName="users_login">
            <column name="id" type="VARCHAR(19)">
                <constraints nullable="false" primaryKey="true" primaryKeyName="users_login_pkey"/>
            </column>
            <column name="username" type="VARCHAR(50)">
				<constraints nullable="false"/>
            </column>
            <column name="password" type="VARCHAR(100)"/>
            <column name="role" type="VARCHAR(20)"/>
            <column defaultValue="ACTIVE" name="status" type="VARCHAR(15)">
                <constraints nullable="false"/>
            </column>
            <column name="created_by" type="VARCHAR(19)">
                <constraints nullable="false"/>
            </column>
            <column defaultValueComputed="now()" name="created_date" type="TIMESTAMP WITH TIME ZONE">
                <constraints nullable="false"/>
            </column>
            <column name="updated_by" type="VARCHAR(19)"/>
            <column name="updated_date" type="TIMESTAMP WITH TIME ZONE"/>
        </createTable>
    </changeSet>
    
    <changeSet author="dharmendrasinh.chudasama (generated)" id="1660478114729-3">
        <createTable tableName="users">
            <column name="id" type="VARCHAR(19)">
                <constraints nullable="false" primaryKey="true" primaryKeyName="users_pkey"/>
            </column>
            <column name="name" type="VARCHAR(100)">
				<constraints nullable="false"/>
			</column>
            <column name="designation_id" type="VARCHAR(19)"/>
            <column name="users_login_id" type="VARCHAR(19)"/>
            <column name="mobile" type="VARCHAR(20)"/>
            <column name="code" type="VARCHAR(20)"/>
            <column name="role" type="VARCHAR(20)"/>
            <column defaultValue="ACTIVE" name="status" type="VARCHAR(15)">
                <constraints nullable="false"/>
            </column>
            <column name="created_by" type="VARCHAR(19)">
                <constraints nullable="false"/>
            </column>
            <column defaultValueComputed="now()" name="created_date" type="TIMESTAMP WITH TIME ZONE">
                <constraints nullable="false"/>
            </column>
            <column name="updated_by" type="VARCHAR(19)"/>
            <column name="updated_date" type="TIMESTAMP WITH TIME ZONE"/>
        </createTable>
    </changeSet>
    <changeSet author="dharmendrasinh.chudasama (generated)" id="1660478114729-4">
        <addForeignKeyConstraint baseColumnNames="designation_id" baseTableName="users" constraintName="users_designation_id_fkey" deferrable="false" initiallyDeferred="false" onDelete="NO ACTION" onUpdate="NO ACTION" referencedColumnNames="id" referencedTableName="designation_master" validate="true"/>
    </changeSet>
    <changeSet author="dharmendrasinh.chudasama (generated)" id="1660478114729-5">
        <addForeignKeyConstraint baseColumnNames="users_login_id" baseTableName="users" constraintName="users_users_login_id_fkey" deferrable="false" initiallyDeferred="false" onDelete="NO ACTION" onUpdate="NO ACTION" referencedColumnNames="id" referencedTableName="users_login" validate="true"/>
    </changeSet>
    
</databaseChangeLog>
