<databaseChangeLog xmlns="http://www.liquibase.org/xml/ns/dbchangelog" xmlns:ext="http://www.liquibase.org/xml/ns/dbchangelog-ext" xmlns:pro="http://www.liquibase.org/xml/ns/pro" xmlns:xsi="http://www.w3.org/2001/XMLSchema-instance" xsi:schemaLocation="http://www.liquibase.org/xml/ns/dbchangelog-ext http://www.liquibase.org/xml/ns/dbchangelog/dbchangelog-ext.xsd http://www.liquibase.org/xml/ns/pro http://www.liquibase.org/xml/ns/pro/liquibase-pro-4.6.xsd http://www.liquibase.org/xml/ns/dbchangelog http://www.liquibase.org/xml/ns/dbchangelog/dbchangelog-4.6.xsd">

	<changeSet author="Dharmendrasinh Chudasama (generated)" id="1660639427947-4">
        <createTable tableName="knowledge_center_inq">
            <column name="id" type="VARCHAR(19)">
                <constraints nullable="false" primaryKey="true" primaryKeyName="knowledge_center_inq_pkey"/>
            </column>
            <column name="company_name" type="VARCHAR(50)"/>
            <column name="person_name" type="VARCHAR(50)"/>
            <column name="contact_no" type="VARCHAR(20)"/>
            <column name="email" type="VARCHAR(20)"/>
            <column defaultValue="ACTIVE" name="status" type="VARCHAR(15)">
                <constraints nullable="false"/>
            </column>
            <column name="created_by" type="VARCHAR(19)"/>
            <column defaultValueComputed="now()" name="created_date" type="TIMESTAMP WITH TIME ZONE">
                <constraints nullable="false"/>
            </column>
            <column name="updated_by" type="VARCHAR(19)"/>
            <column name="updated_date" type="TIMESTAMP WITH TIME ZONE"/>
        </createTable>
    </changeSet>

</databaseChangeLog>
