<databaseChangeLog xmlns="http://www.liquibase.org/xml/ns/dbchangelog" xmlns:ext="http://www.liquibase.org/xml/ns/dbchangelog-ext" xmlns:pro="http://www.liquibase.org/xml/ns/pro" xmlns:xsi="http://www.w3.org/2001/XMLSchema-instance" xsi:schemaLocation="http://www.liquibase.org/xml/ns/dbchangelog-ext http://www.liquibase.org/xml/ns/dbchangelog/dbchangelog-ext.xsd http://www.liquibase.org/xml/ns/pro http://www.liquibase.org/xml/ns/pro/liquibase-pro-4.6.xsd http://www.liquibase.org/xml/ns/dbchangelog http://www.liquibase.org/xml/ns/dbchangelog/dbchangelog-4.6.xsd">

    <changeSet author="Dharmendrasinh Chudasama (generated)" id="1660759176337-5">
        <createTable tableName="plan_master">
            <column name="id" type="VARCHAR(19)">
                <constraints nullable="false" primaryKey="true" primaryKeyName="plan_master_pkey"/>
            </column>
            <column name="plan_name" type="VARCHAR(50)"/>
            <column defaultValueNumeric="0" name="duration_unit" type="INTEGER">
                <constraints nullable="false"/>
            </column>
            <column name="duration_type" remarks="Type for duration_unit (Days,Months,Years,etc.)" type="VARCHAR(10)">
                <constraints nullable="false"/>
            </column>
            <column name="industry" remarks="name of industry like banking, insurance, etc." type="VARCHAR(20)"/>
            <column name="amount" type="numeric(12, 2)"/>
            <column name="start_date" type="date"/>
            <column name="end_date" type="date"/>
            <column name="webinar_credit" type="INTEGER"/>
            <column name="remarks" type="VARCHAR(255)"/>
            <column defaultValue="ACTIVE" name="status" type="VARCHAR(15)">
                <constraints nullable="false"/>
            </column>
            <column name="created_by" type="VARCHAR(19)">
                <constraints nullable="false"/>
            </column>
            <column defaultValueComputed="now()" name="created_date" type="TIMESTAMP WITH TIME ZONE">
                <constraints nullable="false"/>
            </column>
            <column name="updated_by" type="VARCHAR(19)"/>
            <column name="updated_date" type="TIMESTAMP WITH TIME ZONE"/>
        </createTable>
    </changeSet>

</databaseChangeLog>
