<databaseChangeLog xmlns="http://www.liquibase.org/xml/ns/dbchangelog" xmlns:ext="http://www.liquibase.org/xml/ns/dbchangelog-ext" xmlns:pro="http://www.liquibase.org/xml/ns/pro" xmlns:xsi="http://www.w3.org/2001/XMLSchema-instance" xsi:schemaLocation="http://www.liquibase.org/xml/ns/dbchangelog-ext http://www.liquibase.org/xml/ns/dbchangelog/dbchangelog-ext.xsd http://www.liquibase.org/xml/ns/pro http://www.liquibase.org/xml/ns/pro/liquibase-pro-4.6.xsd http://www.liquibase.org/xml/ns/dbchangelog http://www.liquibase.org/xml/ns/dbchangelog/dbchangelog-4.6.xsd">

    <changeSet author="Dharmendrasinh Chudasama (generated)" id="1661166640930-6">
        <createTable tableName="gst_formula">
            <column name="id" type="VARCHAR(19)">
                <constraints nullable="false" primaryKey="true" primaryKeyName="gst_formula_pkey"/>
            </column>
            <column name="formula_type" remarks="[REVERSE,FORWARD]" type="VARCHAR(10)"/>
            <column name="cgst" remarks="Percentage" type="numeric(5, 2)"/>
            <column name="sgst" remarks="Percentage" type="numeric(5, 2)"/>
            <column name="cess" remarks="Percentage" type="numeric(5, 2)"/>
            <column name="formula" type="VARCHAR(500)"/>
            <column defaultValue="ACTIVE" name="status" type="VARCHAR(15)">
                <constraints nullable="false"/>
            </column>
            <column name="created_by" type="VARCHAR(19)"/>
            <column defaultValueComputed="now()" name="created_date" type="TIMESTAMP WITH TIME ZONE">
                <constraints nullable="false"/>
            </column>
            <column name="updated_by" type="VARCHAR(19)"/>
            <column name="updated_date" type="TIMESTAMP WITH TIME ZONE"/>
        </createTable>
    </changeSet>
    <changeSet author="Dharmendrasinh Chudasama (generated)" id="1661166640930-7">
        <createTable tableName="knowledge_customer">
            <column name="id" type="VARCHAR(19)">
                <constraints nullable="false" primaryKey="true" primaryKeyName="knowledge_customer_pkey"/>
            </column>
            <column name="knowledge_center_inq_id" type="VARCHAR(19)"/>
            <column name="company_name" type="VARCHAR(50)"/>
            <column name="person_name" type="VARCHAR(50)"/>
            <column name="contact_no" type="VARCHAR(20)"/>
            <column name="email" type="VARCHAR(20)"/>
            <column name="gst_no" type="VARCHAR(15)"/>
            <column name="plan_master_id" type="VARCHAR(19)"/>
            <column name="amount" type="numeric(12, 2)"/>
            <column name="discount" type="numeric(12, 2)"/>
            <column name="invoice_amount" type="numeric(12, 2)"/>
            <column name="gst_included" type="BOOLEAN"/>
            <column name="cgst" type="numeric(12, 2)"/>
            <column name="sgst" type="numeric(12, 2)"/>
            <column name="start_date" type="date"/>
            <column name="end_date" type="date"/>
            <column name="payment_details" type="VARCHAR(255)"/>
            <column name="payment_date" type="date"/>
            <column name="industry" type="VARCHAR(20)"/>
            <column name="sales_rep_plan" type="VARCHAR"/>
            <column name="sales_rep_val" type="VARCHAR"/>

            <column name="client_will_provide" remarks="[HTML,LINK]" type="VARCHAR(4)"/>
            <column name="product_details_content" type="VARCHAR(7000)"/>
            <column name="contact_details_content" type="VARCHAR(7000)"/>
            <column name="chat_snippet_content" type="VARCHAR(7000)"/>
            <column name="html_meta_tag_content" type="VARCHAR(7000)"/>
            <column name="webpage_url" type="VARCHAR(3000)"/>

            <column name="logo_url" type="VARCHAR(100)"/>
            <column name="partner_label" type="VARCHAR(70)"/>

            <column name="webinar_credit" type="INTEGER"/>
            <column name="webinar_codes" type="VARCHAR(35)"/>

            <column name="users_id" type="VARCHAR(19)"/>
            <column name="gst_formula_id" type="VARCHAR(19)"/>

            <column defaultValue="ACTIVE" name="status" type="VARCHAR(15)">
                <constraints nullable="false"/>
            </column>
            <column name="created_by" type="VARCHAR(19)">
                <constraints nullable="false"/>
            </column>
            <column defaultValueComputed="now()" name="created_date" type="TIMESTAMP WITH TIME ZONE">
                <constraints nullable="false"/>
            </column>
            <column name="updated_by" type="VARCHAR(19)"/>
            <column name="updated_date" type="TIMESTAMP WITH TIME ZONE"/>
        </createTable>
    </changeSet>
    <changeSet author="Dharmendrasinh Chudasama (generated)" id="1661166640930-8">
        <addForeignKeyConstraint baseColumnNames="gst_formula_id" baseTableName="knowledge_customer" constraintName="knowledge_customer_gst_formula_id_fkey" deferrable="false" initiallyDeferred="false" onDelete="NO ACTION" onUpdate="NO ACTION" referencedColumnNames="id" referencedTableName="gst_formula" validate="true"/>
    </changeSet>

</databaseChangeLog>
